month,day,1995,1996,1997,1998,1999,2000,2001,2002,2003,2004,2005,2006,2007,2008,2009,2010,2011,2012,2013,2014,2015,2016,2017,2018,2019
1,1,41.3,37.8,23.6,23.5,26.3,36.4,27.1,26.9,44.6,40.4,50.2,39.2,50.9,40.9,24,36.4,39.3,46.9,39.9,31.4,33.6,41.7,45.4,12.8,52.6
1,2,37.8,36.7,35.9,38.3,16.7,45.9,27.1,28.2,38.7,41.1,41.7,37.6,47,33.9,30.3,30.3,48.9,42.9,32.4,32.9,37.2,37.4,39,17.7,42.2
1,3,26.8,32.1,48.9,44.3,41.6,57.7,23.2,31,35.7,46.4,46.9,41,41.2,21.6,34.7,22.6,34.7,29.7,30.1,19.1,35,38.3,42.9,21.7,42
1,4,31,21.8,49.1,51.7,30.8,60.2,28,32.9,36,48.6,51.1,37.7,44.8,25.8,31.8,27.2,31.9,20.3,34.2,17.1,46,32.8,46.7,25.2,37.8
1,5,19.8,23.2,51.1,46.9,21.4,43.3,26.3,35.3,34.1,41.6,42.4,41.8,53.4,33.5,42,27.9,34.3,32.6,35.6,28.4,43.1,19.8,33.3,15.9,44.5
1,6,26.9,16.7,51.1,51.7,23.3,33.8,32.3,33.9,32.6,37.1,37.9,39.7,64.5,39.3,37.9,31.7,30.3,38.6,38.1,45.8,23.1,28.5,30.1,11.9,45.3
1,7,38.2,16.4,34.6,60.3,34.2,37.9,32.1,35.3,29.3,23.4,39.7,31.3,52,48.1,35.8,33.9,30.5,46.4,41.9,11.9,21.5,35.7,24,11.6,33.4
1,8,34.9,22.1,31.1,62.9,26.4,35.8,35.3,31,36.8,26,39.6,37.7,48.9,52.7,38.6,30.1,26.6,46.3,37,15.2,14.4,41.2,20.2,22.3,37.4
1,9,33.3,21.4,29.3,61,34.7,41.2,32.5,33.5,42.9,27.2,38.7,44.9,39.6,58.7,31.3,25.6,26.7,36,41.5,28.2,26.4,45.5,18.8,34.3,43.5
1,10,30.6,26.1,35,43.7,-99,46.9,29.6,43.9,42.2,9.9,40.4,44.2,35.2,45.1,30.9,21.8,26.8,39,44.5,31.7,21.5,56.3,24.5,35,34.9
1,11,32.9,19.4,29.2,40.3,24.2,46.6,36.4,44.9,31,15.7,39.5,42.6,30.9,46.5,32.5,24.4,27.1,38.8,42.6,48.1,24.4,35.2,44.1,44.6,30.2
1,12,40.5,25.1,21.8,37.6,36.8,41,37.3,41.7,28.2,32.4,41.8,49.3,40.4,46.3,29.6,30.2,28.1,47.4,47.2,47.3,35,33,55.9,59.4,28.1
1,13,51.4,30.8,21.5,43.7,44.7,38.6,32.8,40.8,30.5,39.5,49.4,43.5,51,40.9,31.7,30.6,26.5,40.3,45.3,40.7,32.9,27.8,53.1,46.3,28.5
1,14,59.8,32.9,22.3,31.7,26.7,22.8,33.1,39.2,27.9,22.1,52.7,53.7,51.5,38.5,28.2,34.1,23.2,30.7,50.9,48.4,25,32.1,34.8,20.5,28.4
1,15,65,34.5,26.8,31.4,32,25,37.7,43.9,26.9,18,32.1,31.2,48.9,33.2,23.9,36.6,27.7,26.1,41.9,40.6,31.4,39.8,35.1,23.5,30
1,16,57.5,24,37.7,40.6,32.5,37.3,39.1,41.3,23.1,15.7,29.3,25.5,51.1,33.8,16.1,43.4,34.3,25.1,36.8,38.2,34.1,46.6,33.8,33.7,29.1
1,17,49.2,33.8,19.2,37.2,42.1,21.5,36.8,40.6,25.4,24.2,26.4,32,27.4,32.7,12.2,39.2,26.6,41.7,40.6,33.9,25.9,38.2,40.5,38.8,32.6
1,18,45.6,35.9,13.3,36.8,47.3,13.3,34.3,37.6,15.4,31.8,16.9,51.1,28.8,38.6,28.3,44.1,31.6,52.9,35.6,35.5,32.4,26.6,43.9,25.1,32.3
1,19,41.6,54.9,12.8,37.2,40.6,23.8,37.4,30.4,19.9,27.8,15.7,38.5,36.4,36.4,28.9,39.6,37.1,28.5,37.5,28.4,38.2,20.9,46,32.7,35.4
1,20,48.2,24.5,22.7,36.2,42.6,29,36.9,31.5,29.5,25.4,26.8,44.9,32.5,27.6,23.7,38.2,36.4,32.8,46,40.2,38.1,27.6,38,41.3,38.5
1,21,40.4,27.2,31.9,32.7,40.9,20.4,28.7,32.8,23.4,22.8,19.6,47.7,24.9,20.7,22.2,34.9,31.7,28.5,32.7,29.8,35.4,31.3,43.6,41.1,15.9
1,22,34.4,32,35.4,35.2,44,15.2,25.1,40.1,20,28.8,13.5,39.5,27.7,-99,29.2,37.5,18.6,25.9,23.4,11.9,33.2,26.8,46.8,48.4,19.6
1,23,31.3,35.3,47,40.4,49.7,22.3,25.8,42,16.4,19,18.6,39.5,33.9,35.6,36.6,36.1,20,36.4,16.9,14.8,34.4,26.3,42.9,54.4,35.1
1,24,34.5,46.5,33.6,44.9,57.9,31.5,32.1,46.7,17.5,17.1,12.8,39.3,33.8,30.9,38.8,36.8,17.1,47.7,20.5,15.2,35.1,27.7,39.9,43.7,53.1
1,25,38.8,34,46.3,36.7,40,30.5,34.1,46.2,24.6,15.5,24.6,37.9,33.8,26.6,23.5,57.1,29.1,42.3,19.9,21.1,38.7,29,45.8,33.2,36
1,26,32.9,30.6,32.2,34.5,37.4,27.8,28,41.4,28.4,18.1,33.5,33.3,19,28.1,24.8,43.2,32.7,40.5,21.3,22.5,31.5,36.5,46.7,32.3,29.4
1,27,32,49.4,29.2,37.3,37.5,19.9,33.8,43.5,21.1,22.2,19.7,31.4,29.8,33.3,28.6,34.5,33,50.2,26,28.9,28.8,42.3,42.4,40,35.6
1,28,29.9,32.8,40.1,36.8,41.4,16.6,34.3,45.8,16.9,25.8,14.3,40.5,38.8,33.6,30.4,37.1,30.6,42.6,31.5,17.9,25.9,33.7,37,51.9,33.3
1,29,28,31.3,28.5,39.9,40.6,23.3,32.1,51.7,28,24.1,20.1,44.3,29.1,34.9,31.4,22,31.4,40,41.1,15.3,28.7,35.5,36.6,44.2,31.7
1,30,32.3,36.4,28.3,41.8,33.8,23.6,41.1,57.4,28.7,21.5,29.5,47.9,28.2,43.1,29.2,19.4,30.5,37.8,50.6,16.3,35.7,33.4,35.7,35.2,27.4
1,31,34.3,32.6,33.6,39.5,27.7,32.1,41,44.9,33.5,18.5,30.9,45.1,29.1,33.1,25.8,20.7,28.6,44.1,51.9,28.1,22.2,38.4,29.2,24.3,9.4
2,1,38.3,21.4,41.5,36.4,28.5,30,40.9,50,35.4,22.1,28.2,40.5,29.7,36.8,35.8,28.1,30,54.7,31,41.1,29.1,48.7,43.2,36.8,15.2
2,2,40.4,25.4,41.5,37.3,44.8,27.6,41.6,38.9,39.7,28.4,29.1,40.6,34,40.7,44.4,30.1,34.4,48.1,24.3,39,36.1,44.8,41.9,34.3,18.9
2,3,25.8,18.4,41.7,42.2,49.6,26.6,30,35.4,38.4,33.9,32.4,53.2,29.7,37.1,35.6,33.6,32.1,39.4,28.3,39.2,23.9,48.4,32.7,23.2,33.5
2,4,30.6,13.7,37.6,41.1,42.9,30.7,31.7,35.5,41.2,37.6,37.7,47.6,25,42,27.7,34.9,27.9,38.3,28.3,29.7,32.8,53,28.7,32.9,40.2
2,5,22.7,9.5,43.9,37.7,41.9,32.2,35.2,26.7,34.2,31.2,42.6,46.3,16.1,46.2,19.5,33.7,33,38.9,31.5,33.4,34.2,40.7,34.8,34.4,46.9
2,6,11.4,15.7,39.9,40.9,36.9,30.9,37.2,34.6,27.6,33.6,42.3,37.3,14.2,56.7,22.2,26.9,39.2,37.8,33.7,29.4,22,35.2,43.3,30.6,46.8
2,7,17.6,23.4,35.5,38.5,38.1,33.6,40.4,38,30,39.1,41,36,18.3,53.8,30.8,22.1,37.1,42,32.4,29.4,31.7,37,44.8,31.3,43.6
2,8,20.1,34.6,33.2,37.1,36.2,29.1,37.9,40,26,28.9,39.8,32.3,19.2,41.5,50,24.5,37.5,37.6,36,27.3,39.3,40.4,57.5,32.5,44.5
2,9,20.3,41,30.2,35.5,36.3,29.8,41,43.3,25.2,31.7,46.2,30.6,22.8,40.2,40.8,28.6,23.7,35.1,31.5,26.4,33.3,34,50,30.3,31.3
2,10,30.3,39,28.7,39.6,43,39.4,51.4,45.8,31.7,40.5,42.7,32.1,26.3,42.3,42.8,31.3,27.7,36.4,26.1,25.9,31.7,33.4,26.6,39.3,28.8
2,11,36.6,42.7,29.7,41.7,42.9,41.7,30.5,45.3,27.7,37.7,34.7,34.8,24.5,16.4,52.9,31.7,26.8,35.6,38.5,22.2,32.8,26.1,38.2,52.5,31.7
2,12,22.4,31.1,32.7,52.6,54.5,31.1,28.5,34.3,26.6,33,34.9,28.8,33.5,21.6,55.3,29.7,33,27,45.3,20.1,33.2,21.6,42.3,52.5,31.8
2,13,18.4,21.5,30.5,42,36.1,28.9,40.1,39.9,22.3,35.5,37.7,27.4,31.1,36.2,44,28.1,37.3,32.4,37.5,30.1,19.1,21.4,38.4,35.4,38.9
2,14,26.2,32.1,35.8,33.5,28.8,41.8,41.2,29.8,23.9,38.2,39.1,32.3,26,34.1,37.1,29.2,49.3,40.7,38.6,36.9,24.6,13.9,34.9,40.2,38.9
2,15,27.5,34.9,39.5,28.9,33.4,39.3,45.9,37.8,27.8,31.8,49.6,38.5,18.9,38.7,35.3,29.6,37.9,42.5,41.6,35,16.9,20.5,39,49.4,50
2,16,37.9,27.9,34.3,31.1,41.7,41.3,40.5,47,18.3,23.4,47,44.6,18.8,34.6,34.4,31.6,36.9,39.2,39.5,27.2,9.6,46.2,36.5,55,45
2,17,40.6,22.8,32.5,41.2,42.2,36.8,38.3,43.6,22,28.9,37,53.1,25,35.3,32.6,29.5,50.7,45.9,30.8,25.5,18.4,39.4,33.7,37.4,33.1
2,18,37.3,26,39.5,50.2,45.4,31.8,26.1,36.6,27.4,35.1,28.8,34.3,30.5,57.3,34.6,35.3,56.8,42,27.4,32.4,22.2,34.5,43.7,37.4,38.3
2,19,39.3,27.9,53.3,47.9,39.7,35.1,31.7,40.2,30.3,39.3,25.2,20.5,21.7,39.6,43.5,38.9,50.1,41.2,37.8,35,19.2,30.4,59,40.8,32.4
2,20,43.7,46.9,50.4,44.7,36.4,36.6,43.7,48.6,37.6,39.6,31.4,29.2,37,29.1,29,37.8,34.6,39.7,35.4,40.8,9.6,46.4,53.1,54.3,30.7
2,21,39.9,51.8,46.7,47.3,31,37.6,46,57.3,34.5,42.5,34.9,34,41.7,25.9,31.7,37.2,38.1,39.6,29.6,43,17.3,47.7,43.6,63.9,39.3
2,22,36.1,50.2,60.3,45,24.8,38,23.3,49.5,36.7,41,37,34.6,36.9,29,36.6,36.2,28.3,47.8,31.5,42.6,35.4,46.7,46.9,52.6,44.9
2,23,39.7,49.6,40.4,42.2,22.4,40.9,28.3,40.9,38.3,38.2,37.5,38.1,35.8,33.7,31.8,36.3,31.1,53.8,40.2,46.8,31.5,40.5,54.4,39.7,38.8
2,24,42.6,50.4,41.2,40.7,30.6,50.4,32,40.8,31.9,38,29.7,37.5,28.6,31,28.3,38.3,35.1,46.7,42.3,39.8,16.3,47.5,59.6,45.5,41.6
2,25,32.1,54.2,31.6,43.9,34.1,54.7,38.2,42.1,32.1,33.2,26.7,36.4,31.4,37.7,33,35.7,47.9,42.1,38.1,31.3,26.2,53.8,62.6,45.9,41.6
2,26,31.6,51.7,38.2,48,38.4,44.2,48.5,50.1,23.4,35,30.9,30.4,33.5,41.2,37.6,29.3,37.8,38.5,37.9,28.9,30.2,38.7,42.8,47.4,35
2,27,33,48.9,57.8,49.4,39.7,48.9,42.2,41.6,26.7,38.5,31.5,24.4,38.7,41,49.2,32.1,44.5,43.2,45.6,25.6,27,35.2,41.8,44.7,32.6
2,28,39,50.8,55,51.5,44.1,53.2,38.1,33.5,31.9,42.9,31.4,29.7,39.2,25.8,44.7,36.5,50.6,46.9,45.5,18.3,23.7,46,52.8,47.7,35.1
2,29,,32.3,,,,46.1,,,,46.4,,,,27.4,,,,42,,,,52.8,,,
3,1,42.8,28.1,44.3,47.4,42.9,46.6,33.7,36.6,-99,51.1,31.7,36.4,39.7,41.3,34.4,40.9,42,46.5,36,26.1,25.7,50,61.3,50.5,32.2
3,2,35.2,31.7,55.9,47.4,40.9,47.3,41.5,40.4,39,54,32.7,34.3,51.5,36.5,23.3,40.1,42.5,42.6,37.7,36.3,34.5,49,53.1,40.4,35.7
3,3,34.8,31.2,41.5,42,48.4,42.5,46.4,54.6,28.9,54.6,28,31.7,43.9,44.8,19.1,38,31.2,49.5,34.3,25.6,29.5,33.2,37,38,38.7
3,4,35.9,25.2,36.6,41,43.4,43.5,38.6,35.9,26.3,50.2,29,33.4,38.2,58.9,25,39.5,34.9,44.6,35.9,19.3,36.7,34.7,29.8,40.4,34.8
3,5,41.1,42.5,41.2,40.2,35.2,48.9,32.7,26.9,42.3,48.8,33.6,39.6,36,54.9,32.6,39.9,48.8,37.6,38.1,29.4,33.1,36,25.4,36.3,28.4
3,6,44.2,49.2,45.2,39.5,41,47.4,29.8,42.3,38.6,58.9,37.5,39.3,23.8,41.2,44.3,40,55.1,35.6,39,28.2,19.2,36.2,32.2,35.7,24.8
3,7,48.6,35.9,36.6,44.8,33.1,50.4,37.8,51.4,27.2,49.4,48.1,37.8,19.8,40.9,54.9,44.2,44.6,45.7,40.9,27.7,23.9,43.8,50.4,34.5,27
3,8,59.3,23.2,42.2,44.8,25.5,59.2,37.4,53.3,35.8,42.7,43.1,38,24.2,49.9,59.8,47.8,40,59.4,37.7,43.7,39,57.5,58.4,36.2,32.9
3,9,33.1,17.6,36,53.7,28,56.4,39.6,58.7,45.8,37.7,24.7,48.2,28.5,36.1,54.4,51.1,39.2,53.3,45.2,44.2,43.2,61.3,58.4,35,38.9
3,10,28.6,22.4,40.1,47.1,33.7,61.2,38.1,50.6,28.6,39.7,27.8,62.9,40.3,37.1,45.3,49,48.4,38.2,44.3,43.5,44.6,67.4,43.5,35.7,42.9
3,11,37.3,28.5,46.8,30,33.6,46.8,40.8,35,29.9,42.4,37.5,58.7,49.1,43.2,47.6,49.5,51,42.8,45.3,50.3,51.1,65.3,27.4,36.4,48
3,12,45.7,37.9,39.4,27.6,32.5,45.1,41.9,41,39.2,43,38.7,51.7,43,44.1,44.7,46.6,46.3,47,54.8,53.2,48.6,52.6,28,36.4,43.3
3,13,50.1,44.8,36.8,30.6,36.4,39,44.2,46.7,45.7,36.6,39.4,59,48.5,41.1,37.5,45.7,47.8,62.3,44.6,30.6,40.6,53.8,29.8,36.5,40.7
3,14,55.9,46.5,41.5,39.2,37.7,45.7,47.2,51.4,35.3,38.3,37,61.6,58.8,47.8,40,47.6,42.9,64.2,38,34.1,43.4,48.4,31.8,34.5,50.1
3,15,52.3,48.9,44.5,38.6,36.2,50.1,45.2,56.9,40,49.2,36.1,41.8,58.6,49.2,41.5,44.2,42.3,53.4,39.4,51.4,46,48,24.9,37,64
3,16,57.5,45.4,32.1,35.7,38.3,56.1,46,61.5,52.6,39.4,38.3,43,35.7,44.7,46.2,49.7,46.6,49.8,41.2,41.5,42.9,53.8,30.6,36.9,52.1
3,17,56.9,40,35.1,37.1,50,47.1,43.2,39,60.4,32.6,39.2,43.4,29.8,40.3,46.1,51.4,54.1,56.4,36,28.7,51.9,52.7,35.5,37.2,39.3
3,18,50.9,47.1,45.6,39.4,56.4,31.7,41.7,39.4,58.2,35.8,41.4,37.5,32.2,42.7,48,52.9,59.4,51.9,35.9,35.3,38.9,55.9,39.5,39.5,39.9
3,19,50.3,44.7,38.6,42.3,46.1,37.1,42.3,44.1,43.6,38.1,43.2,36.9,37.5,44.3,49.4,56.4,58.2,59.2,41.8,39.7,37.2,44.9,40.7,42,41.7
3,20,47.6,44.1,41.3,43.9,43.6,39.1,45.2,44.1,40.2,39.8,42.5,38.2,48.8,52.5,42.1,59.2,42.8,63.2,42,47.6,35.4,39.8,43.3,34,43.1
3,21,56.2,40.8,43.5,39.5,41.7,40.1,44.4,47.5,55.6,47.8,45.2,32.7,38,41.3,40,59.1,45.8,62.2,37.9,43.7,37.6,40.5,48.6,32.8,46.7
3,22,49.6,36.5,51.4,36.1,44.8,42.5,44.8,32.8,56.4,34.1,42.2,38.4,50.8,43.6,44.4,59.4,49.1,62.7,34.4,49.9,44.4,45.2,51.4,37,46.2
3,23,47.4,36.6,36.9,39.3,43.4,47,48,35.7,54.9,35.9,41,42.6,58.7,39.5,40.6,51.3,41.3,65.7,39.3,46,35.2,58.9,32.5,40.8,42.8
3,24,46.9,42.2,37,39.3,49.8,56.6,46.9,46,52.7,44.8,38.8,44.2,51.7,41.6,36.3,53,37.9,56.9,39.8,30.3,35.2,57.4,42.7,40.9,47.9
3,25,44,50.4,41.3,41,47.7,53.6,38.3,45.8,51.2,50.2,44.3,43.5,50.1,41.2,42.6,55.1,36,50.8,37,32.6,37.1,64.1,57.4,39.2,52.2
3,26,51,55.8,53.1,49.3,40.9,58.8,35.7,42.4,55.4,59.5,44,41.9,45.5,51.3,44.7,50.9,34.8,51.3,36.5,32.8,49.3,50.3,44.6,38.9,41.5
3,27,52.9,38.9,49.3,65.3,43.2,53,32.3,47,51.2,60.3,44.7,47.4,61.8,48.3,51.7,39.1,36.7,41.1,44.8,32.9,46.7,50.1,47,38.4,40
3,28,49,35,57.8,68.1,46.4,53.5,37.2,44.1,52,56.1,43.3,48.9,62.6,49.7,50.8,41.7,36.7,52.5,43.6,48.8,39.2,52.4,51.9,42.7,43.2
3,29,49.1,35.9,60.7,69.6,54.7,49.3,40.2,49.6,63,46.1,50.7,50.1,49.8,41.1,53.3,53.5,40.9,58.4,47.3,52,33.5,53.2,51.9,54.1,53.5
3,30,49.8,43.4,59.8,76.7,55.8,49.6,43.7,60,47.6,39.4,50.1,52.3,51.3,40,49.7,45.7,44.2,46.3,48.5,46.3,43.6,48.3,46.2,60.2,60.9
3,31,48.3,46.4,46.4,72.1,56.2,48.6,44,54.9,38.3,43.2,46.4,56.7,51,45,46.8,49.3,41.1,45.4,47.2,44.5,48,60,43.4,47,58.1
4,1,45.2,47.8,38.6,67.7,53.8,52.4,45.3,52.6,41.1,49.9,50.1,64.4,47.5,61.1,46.8,57.3,40.1,47,51.5,48.8,43.4,70.5,45.3,50.9,39.7
4,2,45.9,45.6,47.9,64.5,59.8,54.7,43.9,51.2,59.7,45.3,51.7,57.9,54.5,52.1,55.4,57.6,44.4,49.8,42,49.1,50.5,59.4,49.9,43.2,42.9
4,3,46.6,48.2,53.8,54.9,52.9,61.9,46.4,61.3,53.3,44.5,45.6,51.6,53.8,43.6,59.2,55.5,48,52.9,39.9,56.9,60.3,44.3,54.5,41.4,50.6
4,4,55.8,49.6,60.2,49.5,59.2,62.5,49.9,45,45.3,44.2,49,51,44.7,45.5,56.2,60.9,57.8,60.4,40.8,50.3,56.5,49.4,62.9,50.3,56.3
4,5,36.4,45.4,56.8,45.7,48.5,45.4,49.5,40.6,43.1,37.4,54.4,44.8,41.7,54,54.2,64.5,60.7,53.5,48.4,48.7,52.2,40.1,63.5,40.9,47.2
4,6,40.9,45.4,54.6,48.9,49.7,52.7,50.6,40.3,45.9,41.9,58.8,47.2,37.8,48.1,54,70.1,46.4,48.8,46.4,46.6,56.6,41,50.7,46.7,49.7
4,7,52.8,40.5,64.7,52.6,58.2,61.2,52,39.3,39,57.8,66.9,52.2,37.1,44.7,45.7,76.6,49.5,51.1,48.9,49,61.8,55.8,48,48.2,59.1
4,8,51.5,39,52.1,56.6,64.5,62.1,46,48.7,36,50.3,59.1,52,36,47.7,43.8,74.8,45.2,55.5,61.2,57.9,44.1,48,47.5,39.8,65.4
4,9,57.1,37.3,41.1,48.2,57.6,42.4,57.9,64.2,38.4,51.4,53.3,43.9,38.3,48.3,-99,59.1,47.5,58.1,70.4,54.4,40.5,40,53.9,38.1,69.7
4,10,49.7,38.7,37.3,46.4,48.5,46.5,59.4,60.5,42.5,53.4,55.2,51,41.5,59.8,55.2,50,53.3,55.8,74.8,54.7,45.2,39.1,60.6,42.1,58.5
4,11,50.5,49.4,42.9,50.1,46.9,49.5,50.6,57.9,42.9,46.6,57.9,54.8,44.6,63.2,50.4,60.5,63.3,48.4,64.9,63.3,57.1,52.3,67.8,43.6,50.2
4,12,56.2,61.6,47.6,51.5,47.2,47.8,53.8,49.8,53.8,45.6,46.4,57.2,45.7,65.5,44.8,62.4,63.9,50.1,48.3,63.2,53.7,59.2,68.4,53.2,57.4
4,13,56.5,57.7,58.9,51.8,50.9,44.1,64.2,63.6,55.4,46.9,50.2,63.8,48.3,56.3,45.2,52.9,49.7,53.1,50.6,64.7,57.7,49.6,60,67.7,65.8
4,14,50,49,48.3,57,55.1,47.3,58.7,67.8,54.6,54.1,51.8,60,45.7,47.8,46.6,51.7,55.4,58.2,54.5,69.7,61.3,51.3,56.4,71.6,66.2
4,15,49.6,46.9,49.7,62.1,56.9,53.7,57.6,71.9,59.8,50.7,48.4,66.3,46.1,50.4,44.8,59,55,66.9,52.5,64.5,58.2,52.4,56.4,46.6,61.6
4,16,53.1,53.8,51.7,63.1,49.8,64.3,50,76.7,72.4,51.2,47.8,63,40.6,53.3,48.7,61.7,48.1,73,58.4,39.7,60.8,54.4,69.7,49.6,53.2
4,17,55.1,45.9,51.8,67,49.8,52.6,46.7,78.8,51.5,56.8,54.3,57.6,45.2,58.4,53.3,54.8,56.5,72.7,63.7,44.6,62.5,56.7,69.8,43.8,57.3
4,18,56.2,50.4,42.1,58.3,51.1,44.1,43,79.4,41.4,68.2,63.2,57.6,46.6,64,62.2,48.7,58.8,58.6,58.7,44.2,67.9,64.6,61.7,40.7,62.6
4,19,66.1,57,47.1,53.1,49.3,50.3,44.3,73.1,51.1,64.6,64.7,65.5,49.2,67.7,60.3,54.7,55.5,52.5,66.9,53.8,62.4,66.1,53.1,48.7,69.7
4,20,67.8,64.6,47.9,52.3,48.5,55.6,53,67.8,54.4,70.7,70.9,70,54.1,63.8,49.2,58.9,57.7,60.6,56.7,53.8,59,60.3,61.7,43.9,67.6
4,21,60.5,67.4,49.1,56.2,49.4,52.1,60.8,54.2,54.4,59.2,65.3,59.3,57.9,57.5,54.7,56.6,61.4,66.4,47.3,52,63,59.1,56.8,47.7,61.4
4,22,63.8,67.5,50.6,57.9,55.8,49.7,70.3,49.6,57.8,63.9,49.2,49.3,63.4,58.9,52.7,59,47.8,53.1,46.5,59.7,58.2,69,55.7,54.4,61.8
4,23,55.6,73,50.7,53.8,54.2,50.4,73.6,48.9,51.2,66.5,56.3,57.7,66.2,62.9,50.9,58.1,51.1,46.9,47.3,56.1,48.5,64.8,54,56,62
4,24,52.8,55.6,49.2,58.2,49.5,55.9,72.4,50.8,51,56.7,50.9,59.1,71.8,66.4,57.3,58.7,68.9,49.8,55.5,51.9,46.5,55,53.8,54.5,67.4
4,25,56.9,58,51.3,62,50.8,54,53.6,49.7,58.4,55.6,47.9,61.7,62.4,65.6,67.1,51.2,71.6,54.6,57.2,55.8,48.4,61.1,54.5,58.5,62.8
4,26,57.5,64,57.2,53.8,57.7,48.6,53.3,52.2,56.1,56,56.9,51.4,53,62,77.1,51.2,74.2,55.6,57.1,57.1,53.8,69.3,58.5,60.2,60.3
4,27,62.2,54.1,56.8,49.4,58.5,44.8,56.8,53.9,61.4,58.2,58.6,56.9,52.4,52,77.5,50.8,72.4,54.9,58.5,56.3,54.5,53.2,67.5,56.9,59.1
4,28,64.5,54,56.6,50.7,54.4,50.7,61.8,59.6,64,48.3,58.3,58.5,59.8,53.7,77.3,49.2,72.6,47.9,59.2,54.8,58.8,51.8,73.2,58.1,59.1
4,29,60.3,63.3,57.5,56.5,57,57.2,54,59.7,64.4,59.7,54.2,54.1,60.8,54.6,62.5,56.8,63,53.6,56.5,49.7,65,48.3,75,52.4,51.9
4,30,55.1,66.2,60.5,61.3,55.8,57.6,58.3,51.1,64.6,64.5,56.8,55.3,66.7,51.2,55.6,64.6,56.4,55,59.5,47.5,61.1,53.2,69.9,51.7,59.4
5,1,52.6,53.7,61.3,62.6,54.9,56.7,66.2,59.2,65.1,67.4,59.8,58.2,62.4,52.9,63.6,72.7,58.8,62.7,57.6,67.2,55.9,51.2,63,59.7,57.8
5,2,50.1,58.1,57.3,60.4,56.1,60.6,70.9,63,70.2,69.4,54.2,58,62.5,59.2,63,78.6,61.8,57.7,58.5,63.9,58.2,53.3,73,72.3,62.6
5,3,57.5,57.3,59.7,63.3,55.5,60.7,73.9,62.5,62.6,57.7,49,60.1,64.8,56.5,57.5,77.4,69.2,56,58,61.8,63.6,58.1,64,77,59.4
5,4,61.4,59.3,58.2,64,59,59.8,76.8,54.4,56.9,50.4,53.9,67.5,59.9,58.3,53.5,74.6,59.2,64,57.1,58.3,70.2,52.9,57.6,76.8,63.5
5,5,61.1,62.7,56.6,61.7,63.9,68.9,73.5,58.5,52.5,57.4,53.6,71.1,60.3,62.7,53.8,70.3,55.6,65.9,53.7,58.7,71.3,52.9,59.5,71.2,59.6
5,6,62.4,53.7,58.8,59.9,58.9,75.2,60.4,61.4,52.6,59.5,50.7,68.3,57.1,63,57,71.6,59.2,60.8,55.6,61.6,71.4,53.3,63.8,63.6,60.9
5,7,61.2,48.3,53.5,64.8,58.2,78.3,55.1,68.1,65.3,65.2,55.4,57.9,53.1,67.8,62.6,65.3,61.2,58.5,55.7,60.2,67.4,54.6,53.1,63.2,57.7
5,8,59.5,51.4,52.7,59.3,64.6,78.3,55.9,69.3,65.3,62.4,59.5,56.5,57.5,71.1,67.6,66.9,61.1,62.9,64.7,59.8,68.7,59.5,50.8,63.7,64.4
5,9,62.2,53.3,53.5,59.3,66.3,79.2,62,56.8,57.1,59.4,62.7,59.4,65.9,57.5,73.1,53.9,63.9,66.7,63.5,63.3,68.7,61.4,54.6,65.1,59.8
5,10,56.3,57.9,55,59.3,63.3,70.8,70.1,66.7,60.4,69,59.7,58.4,70.2,54.4,68.4,51.9,64.7,61.7,69.9,69.7,72.6,56.7,59.4,63.4,67.2
5,11,59.2,66.8,55.4,54.8,64.9,61.8,73.3,63.3,69.5,74.8,61.8,61.5,70.6,55.9,59.5,53.5,61.7,60.1,69.8,70.1,74.6,55.2,55.6,70.4,66.9
5,12,63,55.3,62.8,53.5,63.5,69.9,73.7,61.9,68,77,66.8,64,71.8,48.4,59.5,50.6,64.3,66.1,63.9,71.9,76.1,64.8,55.2,62.7,53
5,13,66.4,49.2,61.4,55.9,61.7,69.2,62.8,66.7,58.6,75.9,57.4,62.4,61.2,57,61.4,48.5,60.4,69.6,53.1,71,69,64.5,51.5,56.3,47.9
5,14,58.1,51.3,56.8,57.2,56.3,66.7,61.5,57.1,60.1,72.1,62.9,59.5,60.5,60.9,63.9,65.6,60.8,68.2,51.6,59.6,60.3,64.1,57,59.2,51.4
5,15,63.9,54.5,64.8,66.2,58.3,61.4,61.8,57.9,60.6,77.4,69.9,57.3,66.3,67.4,69.5,70.7,65.7,67.3,61.8,69.2,64.1,54.6,62.4,67,57.2
5,16,67.4,53,57,73.2,59.1,60.4,61.8,65,56.4,72.5,64.8,59.4,74.2,60.4,69.4,65.3,65.9,72.3,70.8,69.6,70.3,52.8,67.2,65.4,66.3
5,17,66.6,60.5,57.2,68,62.1,62.1,56.3,73.4,50.5,71.3,60.3,61.8,63.7,59.2,64.7,64.2,62.7,67.3,69.9,61.3,75.2,56.9,73.1,61.4,69.3
5,18,72.2,63.5,57.9,70.5,64.5,68.7,58.5,55.5,51.6,71.8,60.6,63.7,56.2,62.6,55.3,53.7,64.8,64.8,64.6,60,75.5,57.8,81.8,63,69.2
5,19,63.9,70.8,66.8,77.1,64,65.8,66.2,51.2,59.8,68.6,61.8,59.9,56.9,55.8,56.4,57.8,65.1,66.1,61.2,61.3,67.7,61.8,82.7,54.7,64.2
5,20,64.7,80.2,70.5,76.5,64.3,50.7,63.9,51.5,64.5,66.5,53.8,61,63.6,51.6,63.8,66.9,62.1,68.3,68.5,66.7,74.8,65.3,68.2,72.8,79.2
5,21,70.7,80.2,58.7,78.2,65.8,53.9,55.6,51,60.5,67.6,57.6,61.8,63.1,56.3,68.4,74.1,67,64.7,73.6,66.1,56.6,59.3,61,71,69.7
5,22,70.4,71.3,56.8,63.2,69.4,55.8,64,55.4,58,75.2,59,57.5,63.8,57.5,70.3,69.8,64.2,63.5,76.3,67,61.8,57.2,59.8,63.3,65.6
5,23,69.3,69.3,58.9,61.8,66.6,55.1,64.9,59.8,55.2,80.5,57.6,56.7,64.5,58.9,74.7,66.3,65.5,70.2,75.8,66.7,62.4,63.7,64.3,68.6,66.6
5,24,73.4,72,64.6,67.1,64.2,70.4,67.2,67.2,57.4,81.8,56.6,63.2,67.2,64,75.1,66.9,76.3,71.7,62.3,64.8,66,66.8,63,73.4,73.1
5,25,77.1,64,64.3,68,62.4,66.6,63.1,69,58.3,78.7,51.7,66.6,72.8,65.2,75.9,71.5,76.8,74.1,54.5,68.4,74.2,74.2,59.7,73,67.2
5,26,62.8,59.8,63.7,72.9,65.2,66.8,59.9,63.3,57.2,67.6,56.4,68.9,77.4,68.8,61.3,75.9,76.1,75.5,60,74.2,76.4,76.5,65.7,77.8,72.5
5,27,66.2,56.7,60.6,71.3,63.7,62.4,64.2,70.8,59.5,68.3,66.4,74.1,75.2,74.8,59.6,82.1,78.3,77.9,59,76.1,78,79.2,67.8,71.1,75.6
5,28,62.2,54.5,58.9,71,69.1,60.1,65.2,71,61.2,72.7,67.5,75.3,73.6,63.3,68.8,66.2,76.4,79.2,63.4,69.5,77.2,78.5,68.4,61.2,72.3
5,29,69.1,54.5,59.7,72.6,73.8,59.3,66.4,71.9,63.6,65.1,64,75.4,72.7,63.3,63.9,70.1,76.5,83.2,73.1,56.4,77.5,76.1,60.8,65.8,77.4
5,30,71.3,56.6,61.3,75.8,76.7,57.6,63.9,71.8,68.7,63.5,65.9,80.4,72.1,69.6,69.8,76.9,81.2,73.2,81.5,62,76.7,73.5,58.3,71.7,74.5
5,31,71.3,61.6,66.7,78.4,76.3,57.8,60.7,75.6,67.3,64.9,66.6,75.2,77.6,71,69.5,79.9,84.2,74.5,81.8,68.6,78.7,77.2,66.7,68.5,73.8
6,1,73.5,64.9,69.8,73.3,75.1,69.2,60.1,78.9,61.8,64.1,65.9,77.1,78.6,73.2,64.3,80.7,81.8,71.3,81.8,65.2,72.2,77.3,72.5,75.7,74.1
6,2,74.6,64.1,61.6,67.4,77.3,80.4,67.5,75.1,62.7,69,60.6,74.7,78.2,70.9,70.7,79.4,80.4,69,81.1,68.4,56.6,71,70.7,78,73.4
6,3,75.8,60.9,54.3,68.6,75.7,73.4,67.2,68.4,63.4,68.9,59.7,70.5,71.7,72.2,71.8,80.6,69.6,68.1,73.7,73.9,59.9,69.4,66.9,65.2,66.8
6,4,73.8,66.8,58.6,62.7,70.8,65.8,64.6,70.4,56.3,68.3,66.4,65.2,68.2,69.9,60.6,75.9,69,63.5,68.8,77,62.5,73.2,69.4,60,64.5
6,5,73.6,70.5,61.7,64.5,69.8,62.8,70.7,75.3,64.1,62.5,74.1,66.6,74.5,69.2,59.1,81.5,68.5,60,70.1,70.8,62.6,74.2,70.1,67.8,72.8
6,6,70.9,70.2,59,61.7,67.5,58.6,71.3,76.7,66.6,60,78.1,67.1,68.3,69.5,64.7,82.9,71.9,63.9,67.3,70.1,71.5,75.3,64.6,66.2,77.4
6,7,77.7,69.9,58.4,62.9,78.1,62.3,70,64.3,63.1,67.5,76.1,65.4,68.8,78.2,71.9,68.9,76.5,69,67.1,72.5,69.4,76.7,59,66.5,76.4
6,8,80.3,76.5,61.4,60.2,86.4,69.7,72.4,64.5,62.7,73.8,82,65.7,75.3,84.5,72.6,69.4,81.7,65.5,68.8,74.4,72.4,66.3,63,69.8,73
6,9,73.2,74.4,63.7,66.3,82.8,75.2,72.9,66.8,66.8,78.1,80,67.8,80.3,87.7,69.9,65.4,87.4,76.2,73.7,72.6,72.7,64.5,66.3,74.4,70.1
6,10,68.9,75.2,72,63.9,67.2,80.2,73.2,75.5,73.7,80,78,65.1,70.3,87.3,71.9,69.9,79.7,80.5,72,75,76.8,68.6,76.4,68.7,68.8
6,11,73.6,74.1,75.9,65.8,67.7,82.9,76.3,75.7,74,62.5,78.1,63,71.2,77.5,66.6,73.1,75.7,75,75.7,73,79.6,74,80.7,60.7,73.1
6,12,72.8,73.1,75,67,66.9,79,76.7,82.6,78,65.3,78.9,65.3,73.6,80.2,74.5,73.2,70.9,70.6,77,66.6,84.6,84.1,83.4,64.1,69.8
6,13,65.1,70.7,72.5,70.3,70.8,60.8,79.9,69.5,75.5,65.1,80.2,69.5,69,76.6,74.7,79.8,71.7,72.3,73.9,74.3,83.3,69.4,84.9,70.5,63.9
6,14,68.5,78.4,73.9,69,73.3,61.1,77.1,60.5,75.3,71.1,84.8,70,60.6,78.5,68.1,74.9,68.2,71.8,66.1,72.2,81.1,70.7,81.1,78,63.8
6,15,71.2,79.4,68.7,70.2,74.1,66.9,76.8,62.4,76.5,76.4,83.9,70,65.1,77.4,68.5,76.8,68.6,70.6,71,69.3,79.7,71.9,72.6,73.3,67.1
6,16,72.8,82,64.9,75.9,69.9,76.7,75.8,69.5,71.3,76.3,77.9,73.8,70.1,77.4,64.3,72.2,74.3,71.1,74,76.8,82.5,67.6,71.9,72.7,73.2
6,17,74.1,73.7,66.6,74.1,64.8,82.4,74.4,71,61.9,77.6,69.4,75.2,77,72,61.9,77.2,73.6,67.9,75.9,81.3,78.1,71.6,74.5,77.6,72.1
6,18,76,72.4,70.8,77.2,64.9,76.1,77.7,-99,66.4,79.4,69.1,78.5,80.5,68,65.2,73.6,77,65.2,71.2,85.9,68.7,71.6,80.5,79.4,68.9
6,19,79.5,70.7,74.2,77.1,68.5,70,78.7,-99,72.5,79.3,67,80.1,76.4,65.4,70.7,75.7,78.3,71,70.1,77.5,76.4,77.1,82.5,82.7,74
6,20,83.1,69.2,77.1,79.1,64.2,71.6,78.3,-99,68.7,67.3,66.1,76.9,74.9,71.3,70,82.2,74.2,81.4,70.1,73,78.4,80.1,77.5,78.1,75
6,21,78.5,75.7,79.1,80.1,61.8,73.6,75,-99,64.3,69.6,69.3,78.1,73.6,76,72.1,83.1,74.2,87.4,71.6,73.8,80.3,79.2,78.6,74.6,75.8
6,22,70.5,75.7,82.2,73.3,69.1,75.8,75.8,74.8,65.9,74.7,74.8,78.9,73.5,76.8,73.4,83.1,78.2,85.8,72.8,72.5,83.5,77.5,77.7,71.2,73.5
6,23,70.1,80.1,80.4,73.1,73.1,77.9,74.6,76.3,74.6,74.6,71,79.7,68,76.5,73.4,82.2,80.8,76.9,71.3,72.9,83.7,77,80.6,66.1,74
6,24,71.6,79.4,79.5,75.7,73,76.8,70.4,81,82.8,74.9,73.4,75.6,71.7,73.6,75.5,83.6,77.6,76.3,79.1,75.5,76,75.7,82.2,76.5,76.1
6,25,78.4,76.8,83.7,80.5,71.9,79.3,75.1,82.5,85,74.8,77.2,72.4,73.1,75.9,75.2,80.3,77.1,77.5,77.9,78.7,78.5,74.6,78.7,75.2,79.5
6,26,78.6,72.4,84.4,81.5,78.1,79.3,79.4,83.9,86.4,73.9,78.7,74.2,80.4,79,78,81.3,75.2,69.7,80.1,78.9,73.1,75.2,75.5,71.9,81.3
6,27,70.3,72.4,77.1,79.6,79.5,80.7,82.3,84.4,84.2,71.3,75,76.9,83.6,81.9,73.9,84.7,75.7,74,79.9,78.1,69.6,73.9,71.6,69.5,83.1
6,28,68.2,74.9,78.1,73.5,79.8,75.2,85.3,77.6,77.5,73.8,78.3,77.2,80.5,78.5,75.8,86.8,75.2,80.8,78.1,75.5,70.4,75.3,71.4,78.1,82.7
6,29,69.2,69.5,76.3,71.4,81.6,68.8,83.8,79.2,76.7,70.7,78.4,77.5,74.1,81.8,74.6,83.4,79.5,84.2,77,75.8,72.2,76.8,74.9,82.3,79.4
6,30,74.4,65.2,74.8,79.8,76.7,71.1,83.8,78.9,80.5,74.2,77.8,73.6,73.4,78.7,76.3,74.3,75.4,84.5,77.2,76.5,76.1,77.1,78,84,79.2
7,1,77.2,71.7,75.7,73.1,73.8,74.1,82.4,79.5,79.1,75.4,75.8,75.5,71,76.4,74.8,72,76.8,84.7,76.3,81.5,76.9,77.1,81.6,85.6,75
7,2,76.6,74.9,74.6,74.8,79.8,75.3,67,82.2,77.4,83.6,76.7,79.6,67.7,78.3,74.6,72,79.3,85.1,78.7,84.7,74.5,74.9,79.5,85.6,75.1
7,3,73.2,72.7,79.3,76.9,79,76.9,69.9,87.9,73.2,78.8,75,77.6,71.1,80.2,74,75.9,79,83.1,77.9,81.2,74.5,73.3,82.9,84.9,79.6
7,4,75.5,67.5,82.4,76.3,86.4,77.1,74.8,89.3,80.5,76.5,73.9,80.6,70.8,77.2,74.6,82,80.6,84.7,82.3,73.7,73.3,72.6,82.2,81.4,80.7
7,5,78.4,71.4,74.7,74.8,90.4,79.5,76.1,85.1,83.8,80.2,75.1,75.3,74.1,74.3,73.2,85.7,82.6,89.2,82.8,70.8,70.7,77.7,75.9,82.7,79.9
7,6,79.8,74.1,74.1,75.1,90.1,75.1,70.9,75,83.3,79.3,76.8,71.4,76.5,75,74.6,90.5,82.4,87,85.3,75.7,78.4,84.7,72.8,80.5,79.7
7,7,75.3,77.9,76.3,72.6,86.5,72,72.5,75.9,81.1,79,73.9,72.1,78.7,75.9,77.7,92.9,82.2,89.3,85.6,81.7,81.6,84.8,75.1,72.2,78.6
7,8,78.5,77.5,78.6,67.5,82.1,69.9,73.1,78.7,83.2,77.7,66.3,73.9,80.6,80.3,73.7,83.1,76.4,84.6,78.9,85.5,81.7,85.8,77.7,71.8,73.5
7,9,68.6,79.5,80.1,68.8,80.7,73.7,79.1,82.4,83.3,77.3,72.8,75.3,84.1,78.7,72.4,81.2,78,83,80.5,79.4,79.3,75.3,77.1,74.9,76.6
7,10,73.6,73.8,73.6,76.2,83.3,81.5,80.9,78.3,70.5,75,79.2,75.9,84.3,77,69.9,76.9,81,78.8,82.5,79.9,78.4,76.7,77.5,79.8,80.5
7,11,75.4,72,75.7,72.8,72.7,78.7,77.3,72,76.6,79.9,80.9,81.1,79.2,78.4,72.1,80.5,83,79.4,80.8,78.8,80.5,76.1,82.3,83.6,77.7
7,12,80.7,69.8,78.3,74.5,69.6,75.6,74.2,73.1,79.9,73.2,81.9,81.4,76.2,79.3,76.1,81,85.2,78.8,76.8,79,79.5,76.6,84.2,78.1,78.4
7,13,83,72.7,81.4,75.7,71.4,73.5,73.3,73.3,76,71.5,75.3,79,76.5,78.1,74.7,78.3,84.3,79.6,77.1,79.8,79.3,76.1,85.9,76.4,80
7,14,86.2,78.6,83.5,76.1,69.9,71.8,73.6,72.3,74.6,72.4,77.5,79.8,76.5,76.2,73.3,77.7,77.4,75.9,82.3,81.4,77.9,81.9,76.5,77.8,82.9
7,15,90.5,79.1,85.2,77.6,72.7,69.4,74.9,72.8,75.1,72.7,79.3,75.9,80.4,78.6,75.3,80.4,75.6,80.8,84.8,79.1,76,85.8,78.1,77.2,79.7
7,16,85.2,78.9,86.2,79.5,80.1,69.1,79.7,82,79.6,74.9,78,81.9,79.2,80.7,79.2,84.1,78.6,81.1,87.9,76.2,72.5,83.8,78.4,82.3,78
7,17,81.5,79.3,87.1,81.4,84.9,72.7,81.6,87.7,78.5,77,78.7,86.3,79.2,82.7,78.7,85.2,79.5,86.6,87.7,75.5,74.8,80.4,79.2,82.3,85.9
7,18,82.1,77.6,86.7,82.1,84.6,77.8,75,85.1,78.9,72.4,81.4,87.8,79,83.6,74.8,86,82.5,89.1,88.4,75.2,78.7,83.1,76.4,77.2,79.2
7,19,82.1,76.6,79.9,81.2,85,69.2,74,84.6,76.3,70.4,84.4,79.3,78.9,85,74.2,84.8,85.5,79.9,89.1,75.1,85,79.4,83.1,76.2,83.1
7,20,81.2,72.8,73.4,81.6,78.5,65.7,73.1,77.7,77.6,76.2,84,78.7,77.3,85.7,76.1,79.5,79.9,71.5,87,74.6,87.3,79,86.3,75.8,88.5
7,21,81.2,71.9,75.1,83,76.5,72.2,75.4,78.2,80,79.4,82.3,81.2,74.3,82.6,71.2,82.9,85.6,70.4,81.4,75.7,84.9,79.6,86.3,69.8,90.3
7,22,81.7,71.3,73.5,82,77.5,74.2,74.5,79.8,83.6,79.7,84.2,77.6,76.7,84.6,73.4,83.1,91.6,75.4,80.7,77.7,78.1,81.9,86.1,74.5,85.2
7,23,81.4,68.7,69,82.5,83.3,73.3,77.9,85,77.2,77.2,82.6,74.8,70.2,79.4,74.1,85.8,92.3,79.6,79.1,80.5,77.6,85.7,81.2,79.5,74
7,24,84.7,73.4,63.7,80.5,84.2,71.8,81.9,73.9,77.7,73.1,78.7,76.9,72.1,74.4,72.3,89.8,89.1,85.6,78.7,76.4,77.5,84.3,77.2,79.8,73.9
7,25,84.3,76.2,66.7,78.9,85.8,70.9,84.8,72.8,78.9,71.2,78.5,77.3,76,77.1,74.9,86.1,79.8,80.3,69.6,74,79.4,85.3,72.2,76.6,77.6
7,26,85.2,74.8,74.8,76.8,83.3,68.5,79.6,69,80.1,72.2,85.7,77.6,77.7,78.5,79.3,77.2,80.6,80.7,72.9,73.9,80.5,81.5,72.7,76.8,78.6
7,27,86.1,73.8,81.1,76.1,85.2,72.8,71.9,72.7,83.2,73.4,87.8,81.1,79.7,75.3,78.9,80.3,81.5,80.5,73.3,79.3,78.4,85.1,73,79.7,79.8
7,28,83.5,73.3,83.1,78.4,86.3,73.6,70.8,79,81.2,75.4,75.5,80.4,79.1,74.5,79.9,81,81.1,83.8,74.7,77.4,82,82.5,77.6,76.5,80.8
7,29,86.8,71.6,79.3,81.1,80.1,73.5,67.9,86.8,76.4,76.7,77.2,82.2,77.4,80.3,80.9,80.9,81.6,76,74.7,70.9,84.4,78.7,73,77.2,83.5
7,30,85.2,68.9,73.4,83.7,85.2,75.7,71,87.7,73.8,78.6,77.7,84.2,76.3,80.8,79.2,77.5,85.3,78.2,75.2,71.5,82.3,80.1,72.8,74.9,85
7,31,84.9,71.9,73.5,74.5,85.4,77.7,72.3,85.6,74,80.1,76.1,85,79.6,80.7,79.8,77.6,84.1,76.8,75.4,74.8,81.1,80.5,76,73.1,80.4
8,1,83.6,74.3,77.8,74.4,86,79,75.6,87.7,74.8,77.7,76.2,87,81.7,81.4,76.5,75.6,84.6,76.2,72.2,75.2,81.9,77.3,82,79.1,79.1
8,2,86.5,74.9,78.4,73.3,84,80.5,78,86.4,78.5,77.6,82.1,89.2,83.5,79.3,74.8,74.7,79.5,79.3,76.4,72,81.2,75.8,78.3,81.5,77.6
8,3,86.5,73.5,78.5,74.3,81.1,77.8,77.9,82,79,77.3,86.7,89.6,83.1,76.7,78,77.9,79.1,82,75.5,71.3,81.8,74.4,75.3,77.2,78.8
8,4,86.6,72.1,76.7,77,78.5,75.2,78.1,84.2,78,79.3,85.4,85.6,83.4,78.4,78.8,81.9,73.3,81.9,73,75.7,82.4,75.1,79,77.9,81.8
8,5,84.4,75,70.4,77.3,78.5,73.3,79,83.9,76.5,73.2,85.4,81,80.7,80.1,80.5,83.7,75.9,84.6,71.1,78.8,82.4,76.2,74.6,82,81.1
8,6,76.5,77.1,69,77.5,80.8,71.7,81.5,79.7,74.8,67.6,82.3,80.4,77.2,81.5,73.4,82.8,77.5,80.5,71.2,75.5,78.8,81,71.8,82.5,78.2
8,7,73.6,76.2,72.2,75.4,79.6,80.7,87.2,72.2,74.5,64.7,78.3,79.6,84.2,79.4,73,78.9,81.3,79,71.6,75.5,77.5,81,70,81.9,79.4
8,8,72.3,74.2,73.9,78.4,79.1,82.2,89.5,74.2,76.1,68.5,77.6,81.2,87.2,73.8,75.2,80.2,84.1,80.9,77.5,73.9,76.3,80,67.1,81.2,76.2
8,9,72.7,72.2,75.8,78.9,76.2,82.1,89,75.6,76.3,74.3,75,76.5,84.6,72.3,74.9,77.1,80.4,81.1,80.6,76.2,76.6,78.7,75.4,81.2,79.2
8,10,77,74.5,76.3,78.3,73.5,80.7,85.6,76.9,76.5,76,78.8,75.9,76.1,70,80.7,85,77.7,79.1,79.5,77.3,74.2,83,76.1,82,76.8
8,11,80.4,72,76.1,77.3,78.2,76.7,77.7,78.2,76.1,77.8,82.5,74.7,69,66,83.5,87.1,77.6,79.9,76.3,76.7,75.4,85.7,75.5,77.8,73.8
8,12,82.3,68.8,77.7,78.2,81.6,69.9,76.1,81.5,77.1,76,85.4,72.1,77.7,69.7,80.1,79.1,75.8,77.4,77.5,73.4,76.7,87.6,75.3,76.3,76.9
8,13,81.9,65.6,77,75.6,82,66.8,78.4,85.7,79.7,75.4,84.3,72.2,80.1,74.4,73.9,76.7,76,78.6,75.8,75.3,76.2,88.6,77.1,76.9,77.1
8,14,81.6,70.7,76.3,71.8,80.8,66.7,78.3,85.2,82.9,71.9,86.1,75.9,76.8,76.2,74.7,75.5,72.1,76.5,71.9,72.4,77.6,89.7,75.6,74,76
8,15,80.9,73.7,76.7,74.6,76.4,71.7,77.6,84.5,83.6,71.9,79.7,79.3,77.1,71.4,78.5,73.9,73.9,77,68.8,68.6,79.7,84.4,74.7,78.6,76.8
8,16,81.6,72.7,84,82.4,78,77.7,75.9,84.6,78.7,73,73.4,79.2,80.3,75.6,80.2,80.1,73.5,77.6,71.4,71.7,81.5,82.5,78.2,80.9,77.4
8,17,85.6,73.5,84.6,78.8,79.3,70.7,78.7,86.2,76.1,73.6,74.4,78.7,82.1,75.1,81.7,84,77.8,79.8,72,73,82.6,84.8,79.3,82.2,80.8
8,18,86.9,76.6,73.6,76.8,82.1,67,79,86.2,74.8,74.1,77.5,76.8,72.5,77.9,81.2,76.4,76.9,74.2,71.3,74.2,81.4,80.6,79.5,80.4,81.8
8,19,79.6,76.7,70.6,68,77.6,67.2,78.4,86,75.2,76.3,74,76.4,68.5,78.1,79.5,78.5,74.5,69.5,71.6,72.2,82,81.3,80,71.8,82.2
8,20,74.6,72.2,67.2,68.9,71.5,68.1,79,82.9,77.3,81.1,75.8,81.5,63.4,69.6,81.8,82,73.2,73.5,75.2,76.8,80.7,81.7,77.5,70.4,83.5
8,21,77.3,72.1,70,72.8,65.7,66.5,77.8,79.7,79.9,78.6,82.9,78,61.7,72,82.9,79.9,76.4,73.8,78.9,75.8,80.3,79,77.8,73.3,81.8
8,22,80.3,75.8,72.1,80,68.7,68,78.1,77.7,82.3,66.9,80,78.1,61.6,73.8,76.5,78.1,75,76.7,78.1,73.5,77.6,76.1,81.6,76.7,81.7
8,23,75.6,78.9,68.7,78.6,72.8,69.9,76.8,78.7,78.6,70.8,75.6,78.9,67.8,72,78.2,74.4,71.5,77.5,75,69.6,76.1,72.7,80.1,73.1,73.2
8,24,77,78,68.9,82.4,73.4,74.1,76,74.8,71.4,75,74.7,77.1,74.3,75,77.9,68.4,72.9,79.3,72.9,71.2,77.9,76.2,74,73.7,69.3
8,25,76.5,75.8,71.6,83.2,74,75.1,76.7,76.5,74.7,71.9,73.1,76.7,80.1,76.2,77.7,70.7,75.6,76.9,71.2,73.6,81,77.1,72.4,72.4,69.1
8,26,72.9,75.1,70.6,83.5,76.2,73,73.2,76.9,78.4,71.1,73,72.9,80.1,72,79.1,75.5,75.7,77.2,73.4,78.7,75.6,83.3,73,74.6,65.3
8,27,77,74.6,71.1,79.3,75.3,73.3,78.4,77.5,78.2,74.8,73.5,74.4,76.2,71.3,78.1,72.6,75.6,77.5,80.2,77.5,73.5,83.3,70.5,80.5,68.3
8,28,76.7,74.5,70,79.9,77,73.4,79.6,72.8,78.6,78,75.4,77.3,-99,69.7,72.1,74.3,73.8,80.3,75.8,77.6,73.8,79.3,68.6,81.3,73.1
8,29,74,73.4,69.8,79.7,79.5,72.9,78.9,63.7,78.3,78,77.6,74.9,75.4,73.2,74.7,77.9,69,76.9,75.4,71.2,76.5,81.6,66.1,85.1,73.7
8,30,79.1,74.4,71.3,79.7,67.5,72.7,76.3,65.2,80.5,77.7,78.5,68.8,76.3,75.6,75.8,76.8,71.8,75.3,74.7,70.8,78.8,81,67.3,84.3,75.8
8,31,76.4,73.3,72.8,80.3,68.7,76.8,78.5,69.5,69.7,76.8,81.7,69.2,75.7,77.7,68.9,84.8,73.5,79.7,78.2,79,82.2,79.9,73.5,77,77.9
9,1,81,72.4,75,76.9,69.8,78.2,76.2,63.7,71.7,73.5,77,64.7,72.9,74.8,66.3,85.6,73,82.3,80.9,78.8,82.8,76.9,65.7,72.4,74
9,2,76.4,74.7,75.6,72.7,73.7,78.4,68.1,66.8,70.2,74,77.8,65.2,71.2,78.3,67.8,79.4,70.3,76.3,77.5,83.2,78.1,73.3,61.7,75.5,74.3
9,3,74.2,76.7,70.4,70.9,73.9,77.1,70.4,73,67.4,72,76.2,67.6,72.5,80.6,67.7,80.5,73.4,75.4,77.6,77.9,84.2,72.5,66.2,80.6,75.8
9,4,74.3,76.7,60.9,75.9,75.3,76,73.2,79.5,74.1,74.9,73.6,69.7,72.6,78.7,73.5,77.6,76.1,76.3,72.5,76.9,83,71.7,71.5,83.8,77.2
9,5,75.3,77,64.2,73.8,76.1,65,71.2,75.4,72,71.2,74.6,66.3,75.7,78.9,76.6,69,77,80.6,72.6,78.5,77.7,72.6,76.3,84.6,72.9
9,6,78.4,74,66.4,75.3,78,61.4,70.7,72.9,68.7,67.5,72.1,67.2,75.4,75.6,72.4,71.2,65.7,75.9,65.8,81.6,74.6,78.4,67.6,84.2,66.3
9,7,76.9,79.3,69.8,78,77.3,62.1,72.1,-99,69.9,72.6,70.9,70.2,78.1,73.2,68.5,76.7,72.5,77.7,66.3,74.2,78.2,80.9,64.6,79.3,66.1
9,8,77,77.8,71.6,69.6,77.8,65.3,73.3,72.4,72.3,75.3,72,71.5,79.6,74.9,68.5,81.9,72.6,78.1,73.8,71.6,81.3,81.1,65.5,69.1,72.2
9,9,73.8,75.9,69.5,63.3,75.9,72.8,75.5,76.1,68.5,78.1,73.3,73.1,77.1,72.4,70.4,69.6,75.1,70.3,67.9,70.1,82.2,86.7,63.2,59.5,74.6
9,10,69.8,77.4,67.2,64.8,73,74.3,77.2,78.7,66.3,73.5,73.1,71.9,80.3,70.3,65.4,67.8,76.6,68.2,75.4,72.6,76.9,84.7,63.5,62.2,69.4
9,11,64.1,73.7,71.5,68.6,71.7,71.5,73.7,77.7,69.8,71.3,71.5,65.4,76,67,60.9,69.4,71.6,65.2,82.2,74.6,73.5,81.4,66,67.9,76.8
9,12,68.2,70.6,70.5,75.1,70,74.2,72,68.4,67.1,67.8,73.6,62.1,70.7,67.6,64.6,65.2,71.2,68.8,80.1,72.2,73.3,73.4,69.2,75,79.9
9,13,75.7,67.6,71.3,79.4,71.2,74.6,72.3,70.4,70.9,73.8,77.5,61.5,69.2,75.6,70.9,68.4,74.2,69.8,72,66.8,68.2,72.7,69.4,74.7,67.3
9,14,78.3,64.1,69.3,75.2,71.6,69.3,62.9,72.9,75.6,71.5,74.8,66,70.4,79.9,72.4,71.2,76.1,70.7,61.7,61,65.8,77.6,74.1,71.4,68.7
9,15,72.1,64.7,69.8,76.8,71,69.4,60,76,74.6,66.8,79,68.6,66.7,81,72.6,69.2,71.3,69.4,60.6,62.4,70.7,74,75,72.2,75.8
9,16,66.4,64.3,70.4,80.7,67.7,59.8,62.9,76.3,70.7,69.9,79,69.3,59.1,68.6,67.5,70.1,57.3,67,65.3,66.5,74.2,68,76.7,72.9,75.2
9,17,65.2,63.8,73.5,73,64.9,59.8,65.7,73,69.7,73.5,78,71.2,60.9,65.7,62.5,71.4,60.1,67.1,59.5,65.8,75.4,69.3,73.3,72.1,73.1
9,18,69,62.4,73.6,72,65.2,64.3,68.2,71.9,67.3,69.6,75.2,72,62.1,68.9,64.8,64.5,60.8,73.5,58.7,65.8,74.2,76.2,70.1,76.3,66.9
9,19,65.8,66.1,70.1,70.5,64.3,66.1,69.3,70.5,75.9,59.7,76.3,70.9,65.1,63.6,64.6,69.7,61.5,67.2,63.5,63.9,73.5,74.2,73.6,74.8,62.1
9,20,67.9,65.7,73.3,72.9,66,70.6,69.5,72.7,73,61,76.6,66.8,68.2,61.5,61.9,70.9,64.5,63.4,67.3,66.2,73.9,71,76.3,70.5,64.5
9,21,71.4,65.6,60.1,75.5,64.3,72.6,71.9,75.9,70.5,66.4,76,59.3,70.8,65.6,65.4,65.6,66.9,67.6,67.6,70.6,69,76,78.3,69.7,70.4
9,22,71.3,65.4,57.5,74.9,55.7,62.3,72.6,76.8,70.8,71.4,73.5,60.7,72.2,68.9,69.8,73.2,72.6,70.5,66.6,69,66.9,74.6,75.2,72,74.4
9,23,58.3,61.6,61.5,62.2,59.2,63.3,73.6,72.9,71.3,75.9,77.7,69.1,74.2,62.7,73.3,75.8,71.9,65,59.2,61.1,69,73.8,77.2,62,78.7
9,24,58.1,58,57.5,59.5,63.6,70.5,72.9,68.3,65.5,69.9,71.9,74.2,71.1,-99,76.5,75.4,71.4,60.2,58.7,63.4,69,70.1,79.3,63,77.7
9,25,61,62.5,54.8,63.8,66.8,58.2,67.9,68.4,68.4,66,68.9,67,71.3,60.7,69.9,82.1,73.3,62.7,63.2,62.7,69.3,63.7,78.8,62.8,69.4
9,26,62.1,59.9,64,69.7,65.9,52.2,57.3,64.9,71.1,67.9,72.6,64.1,76.1,62.4,60.7,69.7,73.1,70.1,63,65.2,66.4,64,74.3,75.8,70.7
9,27,63.5,63.9,61.7,77.6,66.4,56.5,59.2,66.3,72.3,68,71.5,64.9,76.8,69.7,64.7,69.8,73,71.2,64.6,70.4,64.4,69.7,77.6,68.9,68.5
9,28,67.3,69.6,61.7,77,69.3,60.1,57.8,73.2,69.3,71.5,66.6,65.5,72.7,70.6,66.8,74.9,73.1,72.1,64.9,70.9,71,64.5,75.4,64.2,72
9,29,63.2,61.7,67.9,65.3,71.3,53.9,58,65.3,61.4,66.1,67.3,61.6,67.6,67.9,62.6,69.4,73.2,63.9,64.2,69.2,72.3,62.8,63.3,65,75.7
9,30,61.2,62.3,66.7,67.2,66.9,53.9,54.7,65.8,57.5,63.8,58.8,56.9,66.7,63.6,59.9,74.4,67.9,62.4,63.5,70,75.5,60.1,61.9,64.9,68.6
10,1,61.1,63.4,59.8,71.6,60.1,60.4,54.3,69.4,56.4,63.2,61.2,62.9,65.5,64.4,54.4,68.2,61.4,61.2,67.3,66.9,62.3,60.9,58.4,69,71.2
10,2,66.5,62.4,50.6,57.7,63.1,62.8,60.3,74.4,53.9,63.1,65.6,62.4,64.8,58.5,56.7,60.6,53.4,67.5,71.8,66.4,53.6,63.2,62.8,72.5,79
10,3,69.9,61.6,57,55.7,66.8,68.3,68.3,77.2,48.6,62.6,66.9,67.3,71.8,58.4,67.1,58.3,51.3,71.6,73.4,65.3,52.5,66.7,62.9,70.9,68.3
10,4,72,47.2,64.7,52.1,65.9,69,70.4,71.7,54.2,60.7,67.3,71.4,74.4,58.8,65.2,53.8,55.4,73.2,74.4,65.6,57.2,64.2,63.9,70,63.8
10,5,69.8,47.9,68.1,60.5,53.8,64.4,68.4,77.9,53.2,58,69.1,65,71.4,61.6,59.1,53.5,62.5,70.3,75.3,53.3,58.7,62.2,69.6,67.5,53.5
10,6,77.9,51.4,72.5,60.3,53.3,67.5,66.3,65.6,52.5,54.3,70.5,53.4,71.3,58.8,58.4,56.2,59.3,68.7,73.1,58.3,61.9,63.5,73.2,65.9,63.4
10,7,68.2,53.2,72.3,57.8,50.5,58.4,52.4,68.7,54.9,60.1,73.5,53.9,76.4,54.3,65.1,60.8,58.5,53.6,71,66,66.4,64,74.1,71.8,73.6
10,8,64,57,68,67.3,50.5,47.9,48.4,58.7,60.9,64,73.3,60.6,75.9,56,58.4,63.4,61.3,49.5,60.5,67.8,66.1,63.5,76.3,69.7,63.3
10,9,59.6,59.7,69.1,63.6,61.8,43.9,49.2,58.8,68.2,62.8,58.6,63,76.2,66.4,67,64.4,66.4,53.8,59.2,62.1,67.3,61,76.3,72.9,57.8
10,10,62.5,57.6,72,60.7,64.2,44.2,55.8,62.1,63.6,62.8,61.1,67.3,69.2,66.8,68.3,61.1,68.9,60.8,57.5,58.7,60.9,56.1,77.4,74.1,60
10,11,64.6,49.2,64.3,62.9,68.3,54.4,63.1,62.3,64.6,54.4,62.2,63.5,61.5,63,55.9,67,68.4,55.5,61.4,55.2,57.5,54.9,72,75.7,61.7
10,12,67.4,47.4,58.5,61.3,58.3,57.8,63.9,64.8,67.2,52.1,58.3,64.6,57.3,62.5,51.8,67.6,62,53,65.6,54.1,61.8,58.1,63.2,64.7,60.3
10,13,68.1,53.5,61.9,61.5,59.1,59.8,67.8,62.3,65.1,55.2,59.4,49.4,53.5,65.2,56.2,58.4,62.6,47.9,62.9,59.4,66,59.7,59.9,53.1,60
10,14,68.8,63.7,67.3,61.5,59.7,62.4,65.8,56.4,60.6,56.1,62.2,49.9,57.1,66.5,49.3,52.8,68.7,59.8,59.3,70.2,63.9,57.2,65,51.5,63.4
10,15,58.8,53.6,56.7,55.1,51.8,64.1,64.1,51.7,60.7,60,66.1,49.5,59.3,67.8,46.7,54.4,61.7,66.1,60.6,72,59.7,56.3,67.7,59.7,59.9
10,16,53.3,56.6,55.8,55.3,58.4,63.9,58.7,55.2,56.5,55.5,59.9,51.6,63.4,69.1,41.1,58.2,60.3,58.3,61.9,67.5,58.3,58.4,62.8,57.6,58.3
10,17,51.9,65.6,54,56.7,61.5,58.8,53.2,54.9,54.2,50.7,57.4,55.5,66.1,58.1,44.5,57.9,63.9,53.7,66.3,64.1,52.3,67,51,55.8,55.3
10,18,55.3,60.4,55.6,61.5,60.5,60,49.5,51,49.8,50.2,61.4,65.7,68,52.6,45.3,58.4,60.4,58.4,62.8,63.8,46.3,70.8,52.2,49.2,53.9
10,19,59.7,55.7,54.9,67,50.4,58.4,52.1,54,54.7,53.1,61.7,63.6,73,50,46.2,53.6,62.3,67.2,56.5,54.2,43.4,70.4,60.4,50.1,52.1
10,20,63,49.1,52.8,60.2,53.5,55.5,58,56.8,51.3,51.9,58.2,62.8,67,48.6,51.8,53.2,64.2,62.2,56.6,50.9,55.2,71.5,64,58.5,53
10,21,63.3,51,51.2,55.3,52.5,59.4,61.3,52,61.4,51.9,52.6,50.7,62.8,52.5,58.7,55.8,55.2,56.8,55,59.6,61.3,71,63,49.8,57.8
10,22,51.9,54.5,49,49,52.3,59.7,64.5,51.4,55.6,51.2,52.9,51.9,65.7,48.9,59.8,52.3,51.5,57.4,57.3,57.6,62,55.3,62,46,60.3
10,23,58.5,60.1,43.3,49.3,50.5,52.3,65.8,51.8,43.7,50.7,53.3,51.3,72,46.6,58.8,52.9,52,59.3,52.3,53.6,61.4,54.1,66.1,49.1,60.9
10,24,62,61.6,47.2,56,48.2,54.3,70.4,46.6,43.4,49.5,49.5,45.1,68,47.3,65.5,61.4,54.6,62.8,47.7,59.9,52.9,59.6,71.6,50.7,55.9
10,25,59.3,54.8,51.6,58.2,49.2,60.3,71,46.9,48.8,53,48.8,46.4,54.2,59.4,58.9,64.1,56.4,61.4,45.4,59.3,61.1,52.3,61.7,45.1,57
10,26,51.1,56.9,48.1,59.6,53.3,56.7,56.8,58.3,63.5,55.4,46.2,45.9,55.8,54.2,53.8,67.3,56.6,63.3,46.6,61.6,53.6,45.7,53.6,44.8,59.6
10,27,54,59.1,56.5,57.2,53.9,59.7,46.5,54.6,63.1,53.7,47.2,42.9,65.9,52.5,54.4,71.8,58.8,63,51.8,56.5,51.3,49.8,53.7,49,63.1
10,28,64.6,61.8,46.9,54.9,49.5,58.7,45.8,51.1,50.6,54.2,44.9,57,54.8,42.1,57.7,70,44.2,58.1,49.8,59.9,60.5,54.4,58.7,49.3,60.9
10,29,53.1,52.9,45.8,55.6,53.3,45.6,45.6,44.1,51.7,50.9,45.9,49.3,46.7,44.8,54.6,55.2,40,55.6,52.2,63.5,68.1,52,63.4,52.5,57.5
10,30,47.7,57.3,49.5,52.4,56.7,46.1,54.1,38.3,52.9,58.7,50.4,49.6,50.8,43.2,53.4,48.9,40.4,49.1,51.7,52.7,55.9,66.8,54.6,49.5,60.8
10,31,53.6,59.8,52.2,51.1,58.6,49.2,53.3,41.9,55.8,64.4,53.3,55.2,53.8,47.7,62,53.7,43.4,46.2,59.7,47.5,49.9,59.8,52.7,53.5,67.4
11,1,55.7,48,60.1,48.3,62.2,51.4,56.8,43.5,60.1,58.3,55.6,61.2,59,55.5,56.2,45,50.4,48.1,66.6,48.2,57.6,49.5,50.6,60.9,54.2
11,2,64.1,43.4,59.2,50.6,60.2,54,64.2,41.3,63.8,56.1,55.2,53.1,50.1,51.7,52.2,43.3,48.2,48.4,60.9,46,58.7,58.5,63.7,68.8,45
11,3,66.6,39.1,52.3,44.8,52.7,55.1,66.4,41.3,65.3,56.8,52.5,42.3,50.3,50.2,51.3,45.2,50.7,46.2,52,47.1,57.8,62.8,64.7,58.4,46.5
11,4,46.5,42.6,53.6,45.2,44.9,57.7,55,43.8,63.6,45.4,56.4,39.6,49,55,47.7,49.2,50.7,44.3,40.1,58.1,62.3,57.2,53.5,48.8,47.1
11,5,38.6,49,44.5,40.7,50.7,50.9,50.2,44.4,60.5,51.5,57.8,42,48.7,58.3,48.9,48.9,44.6,42.2,47.4,58.6,61.7,51.9,56.9,49.7,47.8
11,6,40.8,55.4,47.2,41.7,57.8,46.4,48.1,51.2,62.4,49.8,58.1,43.9,51.2,60.8,44.4,45.8,44.1,38.9,53.5,53,69,56.1,64.2,52.5,51.9
11,7,42.6,62.4,50.5,45.1,51.7,48.7,54.8,48.2,55.4,54.9,58.9,50.4,45.1,61.3,42.7,43.4,47.3,38.9,58.9,50.3,64.8,48.2,47.1,56.6,50.8
11,8,46.2,68.1,49.7,47.9,44.2,53,53.9,45.8,46.3,50.6,54.3,57.2,40.3,57.4,53.3,46.9,54.4,42.7,46.2,42.1,54,51.7,44.4,53.2,40.5
11,9,35.9,54.8,48.8,48.8,48.7,57.1,53,52.5,36.6,40.6,57.7,61.2,39.7,51.9,54.9,50.1,51.7,45.4,43.7,49.4,50,54.3,50.2,46.5,34.1
11,10,40.3,42.1,47.4,48,60.5,58.7,49.7,63.1,38.7,37.2,58.1,58.8,41.8,47.2,57,52.3,55,46.9,50.2,49,57.6,48.8,44.6,45.1,42.7
11,11,56,36.5,47.9,61.1,56.1,53.8,50.2,66.1,44.8,46.7,45.4,58.4,41.5,41.7,54.1,49.7,45,52.3,48.7,53.9,58.2,53.9,30.2,37,50.8
11,12,43.3,35.1,43.8,48.6,42.5,49.1,41.5,56.8,53.9,44.6,44.5,58.8,46.7,45,46.1,49.4,45.5,55.8,44.3,59.9,55.2,44.1,37.5,40.1,47.5
11,13,35.5,33.4,38.2,48,51.7,51.3,43.7,49.6,51.2,40.3,51.7,56.7,51.6,47.7,50.4,51.9,50.7,52.4,34.4,45.4,56.4,46.2,41.7,45.9,29
11,14,42.6,36.1,38.3,47.2,52.4,50.5,47.3,45.9,42,37.8,59.2,57.5,49.1,56.6,55.3,50.1,60.7,42,41.5,38.1,48.6,47.5,42.6,40.9,34.2
11,15,42.3,32.2,37.4,52.1,47.5,41.5,54.6,50.4,47.5,43.3,59.8,59.4,54.2,61.9,60.9,49.9,63.8,41.4,45.1,37.5,47.8,54.1,44.7,32.9,41.4
11,16,36.6,33.2,38.1,46.9,40,41,58.6,48.1,45,48.6,65.1,63.7,44,50.1,58,52.9,56.9,42.9,48.4,38.4,56,50.9,51.3,39.1,40.6
11,17,35.4,37.9,35.1,52.6,37.3,48.4,54,42.5,51.7,48.9,42.9,60,40.3,41.9,51.1,59.6,49.1,43.8,56.8,42.9,51.7,54.9,46.4,41.6,36.8
11,18,39.7,41.8,35.4,46,39.8,40.6,45.8,43.6,49.9,51,34.7,46.1,42.1,37.3,49,50.1,40.3,43.6,62.6,35.4,50.3,53.5,44,40.3,40.4
11,19,43.9,47.6,36.9,44.7,46.8,37.7,50.8,42.4,62,54.4,38.1,44.8,40.4,30.8,53.8,46.6,41.8,45.8,49.3,26.7,61.6,55.6,54.6,38.5,44.3
11,20,41.6,39.8,42.4,55,55.3,35.8,52,46.3,53,53.7,44.5,43.5,45.2,35.3,57.1,46.5,53.8,47.8,39,39,57.1,41.8,42.6,45.4,45.7
11,21,45,34.5,45.3,45.6,59.1,34.3,39.4,45.2,51.5,51.3,46.1,40.1,52.9,34.1,48.9,46.9,54.9,46.9,41.3,33.7,46.8,40.8,41.4,40.3,46.6
11,22,38.6,38.4,47.8,43.9,55.7,30.4,43.2,49.4,52.5,49.6,45.4,41.1,59.2,29.6,48.2,49.9,49.7,45.4,51.9,33.7,49.3,41.7,52.6,29.7,49.3
11,23,35.5,39.1,44.8,44.2,57.7,30.3,47.7,42.2,49.9,50.4,35,41.7,41.2,31.1,48,54.6,55.3,44,47.5,45.7,39.8,39.7,37.5,23.5,38.9
11,24,38.7,40.7,38.8,55.6,58.6,31.2,55.3,43.6,51.8,53.9,40.6,50.7,33.6,36.3,49.3,49.4,45.7,44.1,30.6,62.5,40.8,46.7,39.5,35.1,41.6
11,25,35.9,46.1,34.1,46.5,56.4,34.2,64.1,45.3,41.9,59.4,27.5,47,37.8,44.1,49.6,42.2,49,37.6,27.3,59,43.9,47.8,45.5,49.5,43.1
11,26,38.5,52,43.5,49.7,58.2,52.2,56.9,46,39.3,40.1,32.5,45.7,46.8,40.5,50.6,49.8,49.9,38.4,36.1,43,47.5,47.8,48.3,46.6,48.3
11,27,46.3,34.6,48.4,50,56.2,48.8,51.9,39.2,46.3,43.4,40.9,46.9,55.6,40,47.8,39.6,52.5,38.9,46.6,37.6,51.1,43.7,45.4,41.6,48.8
11,28,57.2,25.8,43.2,48.2,48.1,48.3,57.5,31.4,56,54.9,54.6,49.9,41,40.3,46.9,40.1,60,38.5,34.1,34.9,54.9,43.2,46.9,36.8,50.2
11,29,36.6,30.8,49.3,53.3,41.8,42.7,57.4,33.8,44.1,43.9,62.3,54,41.9,38.1,46,39.4,61.1,37.5,34.3,31.3,48.3,52.9,52.6,38.5,38.4
11,30,33.7,35.9,45.8,50.9,36.1,41.4,63.8,43.1,41.4,43.6,56.8,59.3,40.4,39.2,51.9,50.1,48.3,39.7,32.7,46.1,41.8,58.1,46.2,38.4,37.6
12,1,40.1,51.2,44.1,55.6,30.3,40.1,64.7,36.4,45.7,49.5,40.9,65.7,35.4,49.2,42.6,57.7,44.2,43.8,40.4,57,50.5,54.9,49.3,41,37.6
12,2,44.9,50.9,39,49.2,35.8,33,50.9,34.5,36.5,41.8,38.9,47.4,29.7,41,44.1,37.7,43.3,45.5,43.5,39.7,54.6,45.4,43,48.9,37.2
12,3,40.8,39.2,38.5,53.3,43.2,28.2,46.6,29.8,28.8,39.7,31,38.4,42.1,36.4,59.4,36.6,42.4,54.3,45.4,43.5,51.1,45.7,43.6,53.6,37.7
12,4,49.4,42,46.4,61,51.8,33.2,49.9,24.5,31.4,37.3,33.4,37.8,35.2,42.8,47,35.7,44.3,56.3,45,40,45.9,45.3,42.1,41.8,38.2
12,5,38.9,41.6,44,60.5,54.1,37.2,56.5,28.9,33.8,44.8,34.4,32.9,29.7,39.1,41.5,34.6,49.3,55.8,52.7,40.4,43.7,44.1,52.7,30.2,39.4
12,6,39.5,42.2,34.4,56,56.4,30.6,59.8,30.8,28.5,42,31.7,36.8,26.4,30.5,34.8,33.7,58.7,37.7,55,45.2,42.1,41.7,48.9,32.8,40.6
12,7,37.8,39.9,35.5,60.7,49,31.5,59.2,26.6,28.1,42.6,29.4,46.6,-99,33.8,35.7,32.3,59.3,38.3,38.3,42.2,44.5,43.5,41.7,37.2,39.2
12,8,32.1,40.8,41.3,52.5,41.4,34,47.2,32.6,28.7,56.3,26.4,29,37.9,24.2,38.9,31,42.5,47.6,30.4,31.9,45,40.3,38,30.3,34
12,9,32,36.8,36.3,46.2,42.9,34.8,42.8,28.2,32.5,45.1,30.6,30.1,37.3,36.6,47.1,28,40.8,47.1,34.3,38.9,44.5,34.3,34.2,30.6,43.7
12,10,22.7,34.6,39.6,41.8,47.4,34.3,40.2,26.5,37.2,48.9,28.7,40,40.1,59.2,42.9,29.1,42.7,49.8,34.2,41.9,53.5,32.5,32.8,31.7,55.3
12,11,18.6,40.6,37.4,44.5,45.6,38.2,48,33.9,53.2,49,33.1,45.2,41.6,43.8,28.4,34.7,33.8,50.9,29.3,35,51.2,31,37.3,32.5,38.7
12,12,21,45.8,37.9,38.9,38.7,43.7,45.7,39.6,38.9,42,34.6,46.2,50.1,41.1,32.4,48.9,34.4,41.3,26.7,36.7,56.5,40.6,41.4,36.5,32.6
12,13,24.2,47,35.8,43.4,39.4,28.8,49.8,36.4,32.2,44.4,23.9,48.1,36,33.4,38,38.7,37.5,40.9,29.5,39.1,59.9,40.2,27,39.3,36.5
12,14,29.3,40.2,38.8,41.5,43.7,37.6,54.4,42.8,34.6,36.1,19.9,46.7,36,34.8,43,22.8,42.9,39.2,32.1,41.1,56.8,39.2,30.9,42.2,50.3
12,15,34.3,41.3,34,38.1,44.9,37.5,50.8,43.7,37.7,29.1,23.6,44.5,34.2,52.5,46.8,25.8,50.2,40.6,35.8,44.5,61.9,29,26.4,48.6,45.3
12,16,36.1,43.6,41.3,41.2,46,39,37.7,40,36.3,31.8,44,47.2,38.7,46.5,38.4,24.3,50.7,44.3,31,40.7,51.2,19.6,29.7,43.9,36.5
12,17,36,47.4,42,41.1,38.9,56.5,44.6,29.5,44.8,40,36.7,43.2,34.6,36.6,30.3,26.5,39.7,46.6,29.3,47.2,51.3,29.9,37.8,42,35.4
12,18,31.9,49.2,40,39,39.7,30.9,51.6,29.8,33.4,35.1,35.2,53,32.3,38.2,27.1,28.8,32.6,50,30.8,38.6,49.5,47.3,41.7,39.9,35.6
12,19,30,41.3,40.1,42.6,38.4,31.7,45.4,35.3,31.1,36,33.3,44.8,35.6,37.6,26.3,30.7,36.1,44.2,35.5,38.3,38.5,31.5,49,34.3,24.7
12,20,22.9,25.6,43.7,48.1,41.4,28.6,42.8,52.8,32.5,17.2,26.9,37.3,39.3,31.5,27.5,30.3,46.1,40.8,43.9,34.1,36.3,27.4,46.4,35.6,28.1
12,21,23.7,23.1,37.7,49,45.6,26.2,39.4,40.9,31.6,24.9,29.2,39.8,37.2,30.2,29.9,33.5,47.7,47,54.2,35.1,44.8,33.5,36.8,58.2,29.5
12,22,28.5,29.8,31.2,51.5,35.9,29.9,35.8,41.9,40,38.4,32.9,45.5,38.6,24.1,34.1,33.1,56.9,39.7,63.8,35.4,56.8,40,39.3,48.2,33.2
12,23,28.9,38.4,40.1,24.1,33.3,18.1,38.8,43,47.1,52.3,37.7,55.2,48.9,22.8,28.1,34.5,48.9,37.3,59.1,47.1,58.9,39.6,49.4,41.3,38.4
12,24,31.4,51.5,40.5,-99,28.7,26,44.9,37.5,53.4,35.2,41,46.1,46.4,36.9,28.5,33.2,38,35.8,39.5,50.1,68.9,40.9,42.5,41.3,41.4
12,25,30.9,37.3,45.8,-99,23.5,24,33.7,35.3,38.3,27,35.8,40.2,40.3,49.5,33.2,30.2,36.3,37.3,27.2,56,64.7,43.2,36.5,36.6,37.2
12,26,27.6,30.7,46.6,25.4,29,20.9,33.2,35.2,34.9,26.7,44.8,49.2,35.1,34.8,45,29,43.2,34.4,31.3,42.4,57.5,38.6,29.4,36.6,37.2
12,27,24.8,39.7,37.3,29.3,34.1,24.9,30,34.6,40.7,27.3,42.4,43.9,38.7,42.1,47.5,24.7,41.4,40.3,34.8,42.4,54.6,54.8,25.3,38.3,45.8
12,28,30,42.3,34.7,37.5,29.7,26.5,32.8,32.9,39.5,23.1,40.6,40.4,40.6,56.4,36,30.9,45,36.7,39.6,46.8,46.2,44,18.3,48.8,46
12,29,30.3,49.8,33.9,38.5,32.2,22.3,36,37.8,41,37.2,46.2,43.4,48.4,46.3,29.5,32.3,32.1,33.6,43.5,44.6,46.9,38.2,18.3,50.1,41.8
12,30,29.7,46.6,38,-99,40.2,26.7,27.9,37.1,47.2,43.6,45.2,43.6,38.8,42.2,24.4,30.8,40.2,35.5,41.6,35.8,48.5,38.1,20.6,39.6,45
12,31,35.1,37.3,31.8,-99,42.8,27.5,25.2,42.8,39.5,44.7,36.6,41.2,40,36.2,31,35.2,48.9,33.8,31.6,30.1,51.2,36.3,21.3,38.2,41.8
